"id","gender"
1,"F"
2,"F"
3,"M"
4,"M"
5,"M"
6,"F"
7,"M"
8,"M"
9,"F"
10,"F"
11,"M"
12,"F"
13,"F"
14,"M"
15,"M"
16,"M"
17,"M"
18,"F"
19,"F"
20,"M"
21,"M"
22,"M"
23,"M"
24,"F"
25,"M"
26,"M"
27,"M"
28,"M"
29,"F"
30,"F"
31,"F"
32,"M"
33,"F"
34,"F"
35,"F"
36,"M"
37,"F"
38,"F"
39,"M"
40,"M"
41,"M"
42,"F"
43,"F"
44,"M"
45,"F"
46,"F"
47,"F"
48,"M"
49,"M"
50,"M"
51,"M"
52,"M"
53,"M"
54,"F"
55,"M"
56,"M"
57,"M"
58,"M"
59,"M"
60,"M"
61,"F"
62,"M"
63,"M"
64,"F"
65,"F"
66,"F"
67,"F"
68,"F"
69,"M"
70,"F"
71,"M"
72,"F"
73,"M"
74,"F"
75,"F"
76,"F"
77,"F"
78,"M"
79,"M"
80,"F"
81,"F"
82,"M"
83,"F"
84,"F"
85,"M"
86,"F"
87,"F"
88,"F"
89,"F"
90,"M"
91,"F"
92,"F"
93,"F"
94,"F"
95,"F"
96,"M"
97,"F"
98,"F"
99,"F"
100,"M"
101,"F"
102,"M"
103,"F"
104,"F"
105,"M"
106,"M"
107,"F"
108,"M"
109,"M"
110,"F"
111,"M"
112,"M"
113,"M"
114,"M"
115,"F"
116,"M"
117,"M"
118,"F"
119,"M"
120,"F"
121,"M"
122,"M"
123,"F"
124,"M"
125,"M"
126,"M"
127,"M"
128,"F"
129,"M"
130,"F"
131,"M"
132,"M"
133,"F"
134,"M"
135,"M"
136,"F"
137,"M"
138,"M"
139,"F"
140,"M"
141,"F"
142,"F"
143,"F"
144,"F"
145,"F"
146,"M"
147,"F"
148,"M"
149,"F"
150,"M"
151,"M"
152,"F"
153,"F"
154,"F"
155,"M"
156,"M"
157,"M"
158,"F"
159,"M"
160,"M"
161,"M"
162,"M"
163,"F"
164,"M"
165,"F"
166,"M"
167,"M"
168,"M"
169,"F"
170,"F"
171,"F"
172,"F"
173,"F"
174,"F"
175,"M"
176,"M"
177,"M"
178,"F"
179,"F"
180,"M"
181,"M"
182,"F"
183,"F"
184,"M"
185,"F"
186,"F"
187,"F"
188,"M"
189,"F"
190,"F"
191,"M"
192,"M"
193,"F"
194,"F"
195,"M"
196,"F"
197,"M"
198,"M"
199,"M"
200,"M"
201,"F"
202,"M"
203,"M"
204,"M"
205,"F"
206,"M"
207,"M"
208,"M"
209,"M"
210,"M"
211,"M"
212,"F"
213,"F"
214,"M"
215,"M"
216,"F"
217,"F"
218,"F"
219,"F"
220,"F"
221,"M"
222,"F"
223,"M"
224,"M"
225,"F"
226,"M"
227,"F"
228,"F"
229,"M"
230,"F"
231,"M"
232,"F"
233,"F"
234,"M"
235,"M"
236,"F"
237,"M"
238,"M"
239,"M"
240,"M"
241,"F"
242,"F"
243,"F"
244,"M"
245,"F"
246,"M"
247,"M"
248,"M"
249,"F"
250,"F"
251,"F"
252,"M"
253,"F"
254,"M"
255,"M"
256,"M"
257,"M"
258,"F"
259,"F"
260,"M"
261,"F"
262,"M"
263,"M"
264,"F"
265,"M"
266,"F"
267,"F"
268,"M"
269,"F"
270,"F"
271,"M"
272,"M"
273,"F"
274,"F"
275,"F"
276,"M"
277,"F"
278,"F"
279,"F"
280,"F"
281,"F"
282,"F"
283,"M"
284,"F"
285,"F"
286,"F"
287,"M"
288,"M"
289,"F"
290,"M"
291,"F"
292,"M"
293,"M"
294,"M"
295,"F"
296,"F"
297,"F"
298,"F"
299,"M"
300,"F"
301,"F"
302,"M"
303,"F"
304,"M"
305,"F"
306,"F"
307,"F"
308,"M"
309,"F"
310,"F"
311,"F"
312,"M"
313,"M"
314,"F"
315,"F"
316,"F"
317,"F"
318,"M"
319,"M"
320,"F"
321,"M"
322,"M"
323,"M"
324,"F"
325,"F"
326,"M"
327,"M"
328,"F"
329,"M"
330,"F"
331,"F"
332,"M"
333,"F"
334,"M"
335,"M"
336,"F"
337,"M"
338,"M"
339,"F"
340,"M"
341,"F"
342,"F"
343,"M"
344,"F"
345,"F"
346,"F"
347,"F"
348,"M"
349,"F"
350,"F"
351,"F"
352,"F"
353,"M"
354,"F"
355,"F"
356,"M"
357,"F"
358,"F"
359,"F"
360,"F"
361,"M"
362,"M"
363,"F"
364,"M"
365,"M"
366,"M"
367,"F"
368,"F"
369,"M"
370,"M"
371,"M"
372,"F"
373,"F"
374,"M"
375,"F"
376,"F"
377,"M"
378,"F"
379,"F"
380,"M"
381,"M"
382,"M"
383,"M"
384,"F"
385,"M"
386,"F"
387,"M"
388,"F"
389,"M"
390,"F"
391,"M"
392,"M"
393,"F"
394,"F"
395,"M"
396,"M"
397,"M"
398,"M"
399,"M"
400,"F"
401,"F"
402,"M"
403,"M"
404,"F"
405,"F"
406,"M"
407,"F"
408,"M"
409,"F"
410,"M"
411,"F"
412,"M"
413,"M"
414,"M"
415,"F"
416,"F"
417,"M"
418,"M"
419,"F"
420,"F"
421,"F"
422,"F"
423,"F"
424,"F"
425,"M"
426,"F"
427,"F"
428,"M"
429,"F"
430,"F"
431,"M"
432,"F"
433,"M"
434,"M"
435,"F"
436,"M"
437,"M"
438,"F"
439,"F"
440,"M"
441,"F"
442,"M"
443,"M"
444,"F"
445,"F"
446,"F"
447,"F"
448,"F"
449,"F"
450,"F"
451,"M"
452,"F"
453,"F"
454,"F"
455,"M"
456,"M"
457,"F"
458,"M"
459,"F"
460,"F"
461,"F"
462,"F"
463,"F"
464,"M"
465,"F"
466,"M"
467,"F"
468,"F"
469,"M"
470,"F"
471,"F"
472,"M"
473,"F"
474,"M"
475,"F"
476,"M"
477,"F"
478,"M"
479,"F"
480,"M"
481,"M"
482,"M"
483,"F"
484,"F"
485,"F"
486,"F"
487,"F"
488,"F"
489,"F"
490,"M"
491,"M"
492,"M"
493,"F"
494,"F"
495,"M"
496,"F"
497,"F"
498,"F"
499,"F"
500,"F"
501,"F"
502,"F"
503,"F"
504,"F"
505,"F"
506,"F"
507,"F"
508,"F"
509,"F"
510,"F"
511,"F"
512,"F"
513,"F"
514,"F"
515,"F"
516,"M"
517,"F"
518,"F"
519,"F"
520,"M"
521,"F"
522,"M"
523,"M"
524,"F"
525,"M"
526,"M"
527,"F"
528,"F"
529,"F"
530,"M"
531,"F"
532,"F"
533,"F"
534,"M"
535,"M"
536,"M"
537,"F"
538,"M"
539,"M"
540,"M"
541,"M"
542,"M"
543,"F"
544,"M"
545,"M"
546,"M"
547,"F"
548,"M"
549,"F"
550,"F"
551,"M"
552,"M"
553,"M"
554,"M"
555,"M"
556,"F"
557,"F"
558,"F"
559,"F"
560,"F"
561,"F"
562,"M"
563,"F"
564,"F"
565,"M"
566,"F"
567,"M"
568,"F"
569,"F"
570,"M"
571,"F"
572,"F"
573,"F"
574,"F"
575,"F"
576,"F"
577,"F"
578,"F"
579,"F"
580,"F"
581,"F"
582,"F"
583,"F"
584,"F"
585,"F"
586,"M"
587,"M"
588,"F"
589,"F"
590,"M"
591,"M"
592,"M"
593,"F"
594,"F"
595,"M"
596,"F"
597,"M"
598,"F"
599,"F"
600,"F"
